Nom;Prenom;Tel;Age
ANTON;ALEC;418 111 11110;16
ALPHONSE;ARCHIE;418 111 11111;56
ANTONIO;ALAN;418 111 11112;98
AYAAN;AXEL;418 111 11113;11
ALEK;ANAS;418 111 11114;84
ANTON;ALEC;418 111 11115;14
ANAS;AEDEN;418 111 11116;63
AMIR;AVERY;418 111 11117;38
AYMAN;ALYX;418 111 11118;75
ANIS;ADAM;418 111 11119;98
ANTONIO;ANDRE;418 111 111110;52
ANDRES;AYAAN;418 111 111111;35
AMADOU;ANTON;418 111 111112;79
AVERY;ALESSANDRO;418 111 111113;33
ANDRE;ANDRES;418 111 111114;46
ALESSIO;ANASS;418 111 111115;52
AUSTIN;ALEXANDER;418 111 111116;25
ANTONIO;ARMAND;418 111 111117;29
ALEC;AYMEN;418 111 111118;84
ALEXIS;ANAKIN;418 111 111119;91
AYAN;AIDAN;418 111 111120;2
AHMAD;ALEJANDRO;418 111 111121;85
ANDREA;ADRIEN;418 111 111122;77
AJAY;ANDY;418 111 111123;60
AKIM;ALPHONSE;418 111 111124;66
ANTON;ARCHIE;418 111 111125;96
ACHILLE;AXEL;418 111 111126;76
AUSTIN;ADRIANO;418 111 111127;87
AUGUSTIN;ABDOULAYE;418 111 111128;73
ADRIEN;AKSEL;418 111 111129;49
ALECK;ARIS;418 111 111130;1
ASHER;ASHER;418 111 111131;25
ANTON;ALBERT;418 111 111132;85
ASAEL;ALBERT;418 111 111133;62
ANTONIO;ANTONIN;418 111 111134;17
AIDAN;AKIM;418 111 111135;24
AYAAN;AVRUM;418 111 111136;53
ANTONIN;ANTOINE;418 111 111137;96
ALI;ANDREW;418 111 111138;71
ARNAUD;ALESSANDRO;418 111 111139;42
ALBERT;ASHER;418 111 111140;93
ANTONY;ANTOINE;418 111 111141;33
ALYX;AYLANE;418 111 111142;73
ALEXY;AUGUST;418 111 111143;25
AREN;AUGUSTE;418 111 111144;61
AYLAN;AKSIL;418 111 111145;16
ABDOULAYE;AKSIL;418 111 111146;49
ANIR;AXEL;418 111 111147;60
ALIOUNE;ADRIEN;418 111 111148;3
ALARIC;AYMEN;418 111 111149;24
AYOUB;ALLAN;418 111 111150;19
AMAR;ABRAHAM;418 111 111151;15
ANDY;ALEXIS;418 111 111152;20
ALLAN;AYMEN;418 111 111153;47
AKSIL;ARIS;418 111 111154;25
AMIR;ALEC;418 111 111155;30
AREN;ANDRE;418 111 111156;78
ANTONIO;ADEM;418 111 111157;38
ANASS;AYOUB;418 111 111158;44
AKSIL;ADRIANO;418 111 111159;87
ARHAM;ALEXI;418 111 111160;36
ADEM;ADRIANO;418 111 111161;74
ARLO;AYAAN;418 111 111162;63
ALEC;AIDAN;418 111 111163;25
AZIZ;AMINE;418 111 111164;96
ANTHONY;ARTHUR;418 111 111165;26
AIDAN;AARON;418 111 111166;49
ALEXANDRE;ADRIANO;418 111 111167;17
AKRAM;ALEC;418 111 111168;16
ANDRES;AEDEN;418 111 111169;22
ANDRES;ANTONIO;418 111 111170;97
ARON;ALEK;418 111 111171;27
ANIR;AXEL;418 111 111172;56
AVRUM;AXEL;418 111 111173;42
AXEL;ALPHONSE;418 111 111174;96
ADRIAN;AVERY;418 111 111175;68
AVERY;ALESSANDRO;418 111 111176;12
ANIR;ANTHONY;418 111 111177;51
AIDAN;ADAMO;418 111 111178;97
ALBERT;ADRIANO;418 111 111179;50
ARHAM;AIDAN;418 111 111180;46
ALEKSY;ARTHUR;418 111 111181;16
AUGUSTIN;ALEXANDER;418 111 111182;83
AYMEN;ALESSANDRO;418 111 111183;49
ANTONY;ANDREW;418 111 111184;30
AYMAN;AKRAM;418 111 111185;85
AHMAD;ARMAND;418 111 111186;4
ANTONIO;ADEM;418 111 111187;38
AIDAN;AIDEN;418 111 111188;37
ALEXI;ABEL;418 111 111189;85
ALEXANDRE;AUGUSTE;418 111 111190;44
ALIX;ALEXY;418 111 111191;15
ALEXI;ADAMO;418 111 111192;52
ALAN;ANTON;418 111 111193;83
ALEXY;ALEXIS;418 111 111194;5
AYAAN;ALEC;418 111 111195;18
AIDEN;ANTONIN;418 111 111196;68
AXEL;ADAMO;418 111 111197;47
AUSTIN;ALYX;418 111 111198;28
AEDEN;AYMEN;418 111 111199;35
